file_id,file_name,sha256,size_bytes,page_count,pdf_metadata_title,pdf_metadata_author,pdf_metadata_subject,pdf_metadata_keywords,extraction_status,extraction_error,created_at
F0001,10.1038@s41377-019-0227-x.pdf,2d108e43ccfbbf07efb1cdd3c564e73fbb89bb9381fe15e7bc122de8af5748c3,1719120,14,Cooperative interactions between nano-antennas in a high-Q cavity for unidirectional light sources,Kévin G. Cognée,"Light: Science & Applications, doi:10.1038/s41377-019-0227-x",,ok,,2026-05-16T10:43:35+00:00
F0002,1909.12618.pdf,b7908c7698fde90526140e1e6b04ebf9f149ed90db3143d5ba70f693fdc24017,3361547,7,,,,,ok,,2026-05-16T10:43:35+00:00
F0003,[Nanophotonics] Nonradiating photonics with resonant dielectric nanostructures.pdf,727079989aafc1e2c9cdb71e48dba1493ec4d77c9e1d62ea0089fb4803e1148d,1616318,21,,,,,ok,,2026-05-16T10:43:35+00:00
F0004,acsphotonics.6b00026.pdf,28aa5e71dc22ce7ecbe650cbbbf11ebb7419d87c02487cacac66b7645fd9fdb2,445539,5,ph6b00026 1..5,"Emma C. Regan, Yichen Shen, Josue J. Lopez, Chia Wei Hsu, Bo Zhen, John D. Joannopoulos, and Marin Soljačić",ACS Photonics 2016.3:532-536,"all-dielectric,surface resonance,photonic crystal,light confinement,substrate-independent,bioinspired",ok,,2026-05-16T10:43:35+00:00
F0005,Advanced Photonics2021-单胞高Q.pdf,9bcb985ca6155f2d7a1f97a9bdf0b2684dd94f1f9adebf66762a8bf3327c6633,4429756,9,,,,,ok,,2026-05-16T10:43:35+00:00
F0006,Analytical Perspective of Interfering Resonances in.pdf,f8bb67ba90786e5ad5d9f544bdfd6786ebe1b5bae58c2926575087cd1f494a78,1812384,9,untitled,,,,ok,,2026-05-16T10:43:35+00:00
F0007,Bound States in the Continuum in Open Aharonov–Bohm Rings.pdf,21b5e9e5a7f616122d9703c0055751108170e496586bb34c372bb27ab564fdf2,233661,6,Bound states in the continuum in open Aharonov-Bohm rings,,,,ok,,2026-05-16T10:43:35+00:00
F0008,Bound states within the radiation continuum in diffraction grating and the role of leaky modes.pdf,bd7422ca7838743e9a5d036a9801f37fa0d8f65e88adcf0ac8838b2f0b1efd4b,1262787,9,Bound states within the radiation continuum in diffraction gratings and the role of leaky modes,Francesco Monticone,"New Journal of Physics, 19(2017) 093011. doi:10.1088/1367-2630/aa849f",leaky waves; diffraction gratings; Wood’s anomalies; Fano resonances; embedded eigenstates,ok,,2026-05-16T10:43:35+00:00
F0009,Compact Surface Fano States Embedded in the Continuum of Waveguide Arrays.pdf,372e437e244b03a80172fad6255e739f4578933a9f51a69fe601dd808bd99c87,992178,5,untitled,,,,ok,,2026-05-16T10:43:35+00:00
F0010,Dielectric microcavities Model systems for wave chaos.pdf,4d64ef72a8305ac96c9d02ef34b73ffafe02dc01e7715e5ec82f22e08ad1ceca,14143700,51,untitled,,,,ok,,2026-05-16T10:43:35+00:00
F0011,Embedded Photonic Eigenvalues in 3D Nanostructures.pdf,9d36f34a874ac1f5960c2ce30b6406c9fcc2af2749c3942a3434bd9cbceb84c4,2731817,5,untitled,,,,ok,,2026-05-16T10:43:35+00:00
F0012,Embedded Rayleigh–Bloch surface waves along periodic rectangular arrays.pdf,f3df1f3388e407daa5106557c9060b4110ea9b1e239a51cd69ca52f99483d557,503427,22,doi:10.1016/j.wavemoti.2005.05.005,,,,ok,,2026-05-16T10:43:35+00:00
F0013,Experimental Observation of Optical Bound States in the Continuum.pdf,861a0b9c7748fdacbdf53a8e16524c10459ffb505fca44210641058140242b9f,334832,4,untitled,,,,ok,,2026-05-16T10:43:35+00:00
F0014,JOSA2003-PhCFanoCMT.pdf,b45168c27854a9e4f8531516c6f0aefa93bdf06df84e4c9ad28ea4384fc07d71,180091,4,,,,,ok,,2026-05-16T10:43:35+00:00
F0015,Lasing action in active dielectric nanoantenna arrays.pdf,535f55c2f9e7bf534a43af64fe0f662928ced6a15d864d27c6372cb8f7989095,4676555,29,Microsoft Word - 2018_Ha&Kuznetsov_ArXiv_Lasing action in active dielectric nanoantenna arrays,arseniy,,,ok,,2026-05-16T10:43:35+00:00
F0016,lect2-two dimensonal fourier transform.pdf,da2c4865d8e8947a7425aeb15f15efce72a72598227af0c9b3e1ee857b063e92,15872742,60,Microsoft PowerPoint - lect2.pptx,az,,,ok,,2026-05-16T10:43:35+00:00
F0017,Light guiding above the light line in arrays of dielectric sphere.pdf,2bad0b71f663f4d51deade1bda48b937cbd25a86071e8e66553dee12c86c38b6,1495292,4,untitled,,,,ok,,2026-05-16T10:43:35+00:00
F0018,Light trapping above the light cone in a one-dimensional array of dielectric spheres.pdf,005f32794194ce153098b28ecf20bf6be2bc07eb6df3f5b6ccc894931441d7b2,3348111,11,,,,,ok,,2026-05-16T10:43:35+00:00
F0019,na-nano2018-BIC激光.pdf,d673ed62a72de3f983ba94a492aee9c1c1c81dde284a7f77870cb058f16aa911,4508220,7,Directional lasing in resonant semiconductor nanoantenna arrays,Son Tung Ha,"Nature Nanotechnology, doi:10.1038/s41565-018-0245-5",,ok,,2026-05-16T10:43:35+00:00
F0020,Nature Photon2017-Anisotropy-induced photonic bound states in the continum.pdf,4bd3012c05bcee00bca9e84f74c9e46b6c00e8b3b34337185b87b43652101f29,4770410,6,Anisotropy-induced photonic bound states in the continuum,Jordi Gomis-Bresco,"Nature Photonics 11, 232 (2017). doi:10.1038/nphoton.2017.31",,ok,,2026-05-16T10:43:35+00:00
F0021,nature2013supplementary-231ee.pdf,5538d53cec8e49753f3cbcf12a8c7fa11b2a18a4ec44a2d4182c4fee54a6cbba,162073,4,,,,,ok,,2026-05-16T10:43:35+00:00
F0022,Nature2017-Lasing action from photonic bound states in continum-59cf4.pdf,1ffa6ba143f3675f6b5ef71f8dc438e0c130c84189d7a7a645a74f0cf4c44660,2917152,4,Lasing action from photonic bound states in continuum,Ashok Kodigala,"Nature 541, 196 (2017). doi:10.1038/nature20799",,ok,,2026-05-16T10:43:35+00:00
F0023,Nature2017-Lasing action from photonic bound states in continum.pdf,71363c5909c10b26eacb375a1aeb86a638d0074cfddd87c66ac96b00a99cc329,2892047,4,Lasing action from photonic bound states in continuum,Ashok Kodigala,"Nature 541, 196 (2017). doi:10.1038/nature20799",,ok,,2026-05-16T10:43:35+00:00
F0024,NC2022-简并BIC.pdf,e488d628fa9d3e1d65dbcf53283341e0e58d4492e75ebd9ac8e3ce5666a79b90,1460397,8,Realizing symmetry-guaranteed pairs of bound states in the continuum in metasurfaces,Chloe F. Doiron,"Nature Communications, doi:10.1038/s41467-022-35246-w",,ok,,2026-05-16T10:43:35+00:00
F0025,Near-bound states in the radiation continuum in circular array of dielectric rods.pdf,5317eba86b9f0860f89e3bdfc4bff2eea88af9556bf3739d5aac46b75215bf54,5804209,13,,,,,ok,,2026-05-16T10:43:35+00:00
F0026,Observation and differentiation of unique high-Q optical resonances.pdf,acbfeaa6be48385112a976640c4e2554e5c1baf1279681ced3fd0bf6b92939eb,1366661,5,untitled,,,,ok,,2026-05-16T10:43:35+00:00
F0027,Observation of Localized States in Lieb Photonic Lattices.pdf,279dd54dcfe5231791d9decdf8ac18a9bb93d40ef890029425387b99ff8eadac,1112004,5,untitled,,,,ok,,2026-05-16T10:43:35+00:00
F0028,PhysRevLett.113.037401.pdf,c4156bb04c10d1d819bc0436a5b4e1cea4dea30dc0972be81b715e4b43c2303d,682618,5,untitled,,,,ok,,2026-05-16T10:43:35+00:00
F0029,PRB2012-CWT.pdf,293431c44915291f7121d28db9e096ee29670bc62c33da457c7b7cc4810b419e,1970003,11,,,,,ok,,2026-05-16T10:43:35+00:00
F0030,PRL2014-BIC拓扑.pdf,9babdbc49333cd5908113391bcf928fc4ab6b3542989fec07ac9370147ec0d65,504332,5,untitled,,,,ok,,2026-05-16T10:43:35+00:00
F0031,Quasi Bound States in the Continuum with Few Unit.pdf,14c5f288d54d1bfc8c779d30f6576bbbb7eb3681cfb8398015ac6f27abece89d,2084378,5,,,,,ok,,2026-05-16T10:43:35+00:00
F0032,Resonant Light Guiding Along a Chain of Silicon Nanoparticles.pdf,822a42e7a52373fb54856ffd7e82479ef6732824c8c4e347ea64f45a96f9f08b,2278318,12,,,,,ok,,2026-05-16T10:43:35+00:00
F0033,Resonant transmission near nonrobust periodic slab modes.pdf,507f07b82d65dffcb8c44e5113b94a10b5028e328a4726d9e1edeb232e017946,219274,10,,,,,ok,,2026-05-16T10:43:35+00:00
F0034,Review_Spectroscopy and Biosensing with Optically Resonant Dielectric.pdf,055a30e2afcfdb904ef10e0d32111753af668305bff5fa8d24afda1883966a57,1857402,76,DOI: 10,ABoeer,,,ok,,2026-05-16T10:43:35+00:00
F0035,s41467-023-41068-1.pdf,a46934a9d3a371d06869b5b956e9365199fc1bcff58f66a39279084000f34ace,2416908,8,Twisted moiré photonic crystal enabled optical vortex generation through bound states in the continuum,Tiancheng Zhang,"Nature Communications, doi:10.1038/s41467-023-41068-1",,ok,,2026-05-16T10:43:35+00:00
F0036,science-2018-体费米弧观测-SM.pdf,0c0ba971c4311d4a397fefd17f6a9fca92bd5e2a2093a486734e94b53aa3a6f2,6980602,19,,,,,ok,,2026-05-16T10:43:35+00:00
F0037,Science2014-PT对称单模激光.pdf,f444a63ae33d1c1037a5f0a4440632400fd088431fa98ae911383c2f85552b78,2474830,5,968 972..975,,,,ok,,2026-05-16T10:43:35+00:00
F0038,Science2018-体费米弧观测.pdf,507a73cc439f9890dc8943b9778c4d4c7fe924b113b7d236087357cdf1d64ec6,946986,5,Observation of bulk Fermi arc and polarization half charge from paired exceptional points,,Science 2018.359:1009-1012,,ok,,2026-05-16T10:43:35+00:00
F0039,science2020-涡旋光束-SM.pdf,f4b32bee6ff0246f4e19901fff150e9bd84c411941ab2deeea69c666272bec64,1902637,22,,hc,,,ok,,2026-05-16T10:43:35+00:00
F0040,science2022-BIC手性发射-SM.pdf,c8d6aa0078ff9df5612d8d90c473b179ee56aef177188554e1d96df4f5210a53,2747054,34,,bordway,,,ok,,2026-05-16T10:43:35+00:00
F0041,Semi-analytical approach for guided mode resonance.pdf,421ef55d1f8cc8e5d044a576fc5e41eb2347442558aa40dee9909db107b8d17f,1761496,13,untitled,,,,ok,,2026-05-16T10:43:35+00:00
F0042,srep-Formation mechanism of guided resonances and BIC in photonic crystal slab.pdf,b12da30cd4e2aeccaeded1a31e07dc0bae902e0cba0d083edf230865c38129ec,1061264,7,Formation mechanism of guided resonances and bound states in the continuum in photonic crystal slabs,Xingwei Gao,"srep , (2016). doi:10.1038/srep31908",,ok,,2026-05-16T10:43:35+00:00
F0043,srep36066.pdf,5136f5f4de710d3764a6e02333f2ef6adbf5bbf92dfe9a7176fb2ca6a6102f8c,813011,6,Normal incidence filters using symmetry-protected modes in dielectric subwavelength gratings,Xuan Cui,"srep , (2016). doi:10.1038/srep36066",,ok,,2026-05-16T10:43:35+00:00
F0044,Subwavelength Topological Edge States in Optically Resonant Dielectric Structures.pdf,754c20994d7709d16e52f816c55c4c383200d70587a8ad24174561339ebfb3e5,697208,5,untitled,,,,ok,,2026-05-16T10:43:35+00:00
F0045,supplementTopologically enabled ultrahigh-Q guided resonances robust to out-of-plane scattering supplement information.pdf,f7e86ecfeafd67e5c00ae2c805b7b0daaff0daa5ccb64a9652a31496001784b4,1718030,32,,,,,ok,,2026-05-16T10:43:35+00:00
F0046,TMM_Optical field calculations for lossy multiple-layer AlxGa1_xN_InxGa1_xN diodes.pdf,b1ae096873972915f89f288610662a860c422e76c9bdca2833fa68bf423f849d,447063,9,,,,,ok,,2026-05-16T10:43:35+00:00
F0047,Topological Subspace-Induced Bound State in the Continuum.pdf,3b58b444fce0f8f01e67ae0a0a528a3e46bdf0fe9a8f2bfbb030687569a9b1bf,410408,5,untitled,,,,ok,,2026-05-16T10:43:35+00:00
F0048,偏振长轴.pdf,ef77f695297b3851965c80f15ea3a1076500c5b0683183819b8ad427d7169170,380502,5,,,,,ok,,2026-05-16T10:43:35+00:00
F0049,光栅理论计算.pdf,629e47c81559bd73497eb00a65e7ef752b9f410eb3be8af13521b22430d65014,1518604,4,untitled,,,,ok,,2026-05-16T10:43:35+00:00
F0050,没看Light enhancement by quasi-bound states in.pdf,27bd26c77476a874de0c515cdfdca0733afb9ec2801befe359c2a20005d786b6,3566010,14,,,,,ok,,2026-05-16T10:43:35+00:00
